{"initial_reset_timestamp": 1629809441.1272812, "timestamps": [1629809444.4806557, 1629809447.5161026, 1629809450.1177015, 1629809453.3135827, 1629809455.6878443, 1629809457.0629284, 1629809458.9332428, 1629809461.7823372, 1629809464.091073, 1629809466.9151006, 1629809468.8810244, 1629809471.4759257, 1629809473.5914438, 1629809475.8162637, 1629809479.2499206, 1629809481.3201225, 1629809484.263911, 1629809487.216684, 1629809489.820292, 1629809491.2598684, 1629809494.0871224, 1629809497.0565777, 1629809499.3671227, 1629809502.6139553, 1629809505.4424741, 1629809507.3334482, 1629809511.1585057, 1629809513.9061897, 1629809516.138367, 1629809519.1896665, 1629819060.1898963, 1629819061.5311997, 1629819063.087721, 1629819064.7406144, 1629819066.3962474, 1629819068.2446272, 1629819071.1642396, 1629819072.688189, 1629819073.883905, 1629819075.5513675, 1629819077.6976361, 1629819079.2776957, 1629819082.2029908, 1629819083.7650907, 1629819085.1405804, 1629819086.803692, 1629819088.2376118, 1629819091.433848, 1629819093.7281864, 1629819095.485422, 1629819096.8985405, 1629819098.9688697, 1629819100.7529192, 1629819102.4089828, 1629819104.535004, 1629819105.9805586, 1629819107.7700603, 1629819110.6181643, 1629819112.7511163, 1629819115.528618, 1629828498.4424992, 1629828501.48066, 1629828503.6013796, 1629828505.826053, 1629828507.5428863, 1629828509.426852, 1629828510.727606, 1629828512.4803705, 1629828514.8141866, 1629828517.8094935, 1629828519.8945224, 1629828522.8677673, 1629828524.4086847, 1629828527.1424212, 1629828529.351753, 1629828531.3045316, 1629828532.964463, 1629828535.3558872, 1629828536.96366, 1629828539.3754003, 1629828541.810117, 1629828543.404391, 1629828545.1062937, 1629828547.8490834, 1629828549.290912, 1629828551.008977, 1629828552.6763167, 1629828554.491877, 1629828556.3339453, 1629828558.1840339, 1629837937.656671, 1629837939.221949, 1629837941.1400301, 1629837943.6203234, 1629837946.039481, 1629837948.4679806, 1629837950.0887926, 1629837951.5419607, 1629837953.3471768, 1629837955.3721256, 1629837957.5864482, 1629837960.5721748, 1629837962.2899005, 1629837965.2286103, 1629837966.8133283, 1629837969.0030112, 1629837970.5789492, 1629837972.1696155, 1629837973.7791796, 1629837975.6156046, 1629837979.384959, 1629837981.8242683, 1629837984.2397525, 1629837986.4719741, 1629837988.5385125, 1629837990.0465856, 1629837992.8008018, 1629837994.5796754, 1629837998.719493, 1629838001.6428964, 1629847345.9781811, 1629847347.6954117, 1629847349.9243245, 1629847352.2135162, 1629847354.5508268, 1629847356.5009477, 1629847358.5164218, 1629847361.3040516, 1629847363.3243024, 1629847364.859858, 1629847366.8637257, 1629847368.9695482, 1629847370.4846194, 1629847371.9326138, 1629847374.0725088, 1629847375.552848, 1629847377.4008245, 1629847379.1204314, 1629847381.298567, 1629847382.624234, 1629847384.7622004, 1629847386.231534, 1629847388.7880163, 1629847390.1920207, 1629847391.7698658, 1629847394.5409443, 1629847396.4195893, 1629847398.1214688, 1629847399.6449008, 1629847401.315431, 1629856758.7408795, 1629856761.1490169, 1629856764.8145337, 1629856766.6836689, 1629856768.495853, 1629856771.9424434, 1629856774.5124078, 1629856778.5881631, 1629856780.9650378, 1629856784.5236547, 1629856787.0538476, 1629856790.0158467, 1629856793.4675186, 1629856795.5394247, 1629856798.2106712, 1629856800.9732993, 1629856803.7141669, 1629856805.5999186, 1629856808.6001537, 1629856812.9935362, 1629856815.00584, 1629856817.7104669, 1629856820.5695431, 1629856824.64544, 1629856826.9948294, 1629856829.5421028, 1629856833.567651, 1629856837.0578957, 1629856840.0238645, 1629856842.105557, 1629866214.8127656, 1629866217.7810097, 1629866221.4781425, 1629866223.1919641, 1629866226.6780584, 1629866229.7489529, 1629866234.8987436, 1629866236.8882473, 1629866240.244906, 1629866242.58996, 1629866245.5847752, 1629866247.6063578, 1629866251.2157354, 1629866253.8728495, 1629866257.9958236, 1629866261.1359186, 1629866264.8167787, 1629866268.2323716, 1629866269.6316478, 1629866272.4198267, 1629866275.294471, 1629866277.4759133, 1629866280.9192097, 1629866284.727005, 1629866287.5515287, 1629866290.7447166, 1629866294.2529676, 1629866296.7692626, 1629866298.7896633, 1629866301.3303103, 1629875634.910429, 1629875638.59171, 1629875642.2041407, 1629875645.7310066, 1629875648.949554, 1629875651.2674215, 1629875653.6151962, 1629875656.3604007, 1629875659.2000895, 1629875661.1367753, 1629875664.708785, 1629875667.6811311, 1629875671.4414725, 1629875673.7638533, 1629875676.195283, 1629875678.2169294, 1629875681.3510287, 1629875685.2484925, 1629875687.817132, 1629875689.6075113, 1629875691.1235943, 1629875693.9597423, 1629875696.6387978, 1629875700.2489538, 1629875702.82817, 1629875704.6487079, 1629875706.3411586, 1629875708.8410194, 1629875712.6974232, 1629875714.4471292, 1629885049.341991, 1629885054.0005114, 1629885056.0781317, 1629885060.041893, 1629885064.3797398, 1629885067.2395232, 1629885070.420533, 1629885074.316233, 1629885080.1779509, 1629885082.1023662, 1629885085.3258095, 1629885089.1168423, 1629885092.3314831, 1629885094.3223252, 1629885095.6831129, 1629885099.4930613, 1629885104.0604925, 1629885107.9634616, 1629885110.6754649, 1629885114.6880398, 1629885119.1653585, 1629885122.54983, 1629885124.9585629, 1629885128.7105808, 1629885133.7938962, 1629885138.5187116, 1629885142.2626345, 1629885146.3361568, 1629885149.3183959, 1629885153.351889], "episode_lengths": [707, 817, 715, 883, 645, 377, 513, 775, 633, 771, 537, 709, 585, 609, 935, 571, 787, 815, 715, 379, 605, 791, 635, 893, 775, 525, 1051, 737, 617, 839, 609, 375, 413, 457, 457, 505, 789, 409, 333, 455, 473, 385, 801, 433, 375, 457, 395, 873, 633, 485, 379, 569, 493, 457, 583, 397, 497, 779, 589, 765, 1051, 799, 583, 579, 473, 517, 361, 477, 641, 811, 569, 809, 423, 719, 605, 533, 455, 655, 447, 667, 507, 417, 469, 727, 397, 475, 459, 489, 495, 505, 921, 429, 527, 671, 663, 663, 439, 391, 477, 565, 493, 797, 475, 811, 439, 603, 435, 441, 439, 505, 1023, 677, 663, 605, 565, 411, 755, 491, 1145, 815, 545, 439, 619, 635, 643, 537, 535, 757, 551, 425, 551, 581, 413, 393, 591, 415, 517, 483, 605, 367, 473, 395, 703, 391, 427, 759, 519, 473, 415, 461, 947, 657, 1003, 513, 495, 937, 699, 1099, 655, 979, 565, 787, 941, 557, 733, 739, 757, 505, 819, 1197, 547, 731, 773, 1099, 641, 699, 1095, 951, 791, 571, 579, 783, 1009, 455, 931, 841, 1393, 543, 897, 637, 799, 549, 949, 701, 1055, 823, 989, 929, 381, 767, 617, 573, 905, 1011, 759, 871, 935, 681, 547, 679, 1139, 999, 957, 965, 871, 621, 653, 759, 777, 533, 785, 773, 1027, 605, 655, 547, 865, 1061, 699, 493, 417, 777, 733, 985, 703, 503, 463, 685, 1043, 483, 815, 1267, 571, 1071, 1153, 781, 867, 1059, 1575, 525, 887, 1039, 869, 535, 361, 995, 1255, 1065, 741, 1103, 1023, 913, 657, 1027, 1375, 1277, 1017, 1107, 821, 1099],