{"initial_reset_timestamp": 1629378296.485098, "timestamps": [1629378299.5510247, 1629378302.1391914, 1629378304.4906807, 1629378306.4890075, 1629378308.517247, 1629378310.1692839, 1629378312.203138, 1629378313.9833002, 1629378315.658791, 1629378318.282846, 1629378320.6708467, 1629378323.1709244, 1629378325.447146, 1629378327.7971427, 1629378330.5077648, 1629378333.869167, 1629378336.5847802, 1629378339.0588431, 1629378341.059355, 1629378343.0139325, 1629378346.8701072, 1629378349.0290928, 1629378351.484044, 1629378353.3251266, 1629378355.5603511, 1629378357.3859906, 1629378360.9206238, 1629378362.8321214, 1629378364.4913168, 1629378367.6052299, 1629386349.8473237, 1629386351.1546078, 1629386354.0866945, 1629386355.70881, 1629386357.0573726, 1629386358.5109067, 1629386360.1538036, 1629386362.5462234, 1629386364.1699731, 1629386365.5700586, 1629386367.5475912, 1629386369.0116172, 1629386370.4250026, 1629386374.4584134, 1629386375.7015247, 1629386377.030125, 1629386378.5531356, 1629386379.6622412, 1629386381.786977, 1629386383.4071124, 1629386385.2309992, 1629386386.79014, 1629386388.565994, 1629386391.2544372, 1629386392.8724928, 1629386395.3196614, 1629386396.70922, 1629386397.8468363, 1629386399.3791502, 1629386400.4143534, 1629394444.8437085, 1629394448.1068368, 1629394450.6896977, 1629394452.0651565, 1629394454.1366556, 1629394455.9200528, 1629394457.87024, 1629394459.6076462, 1629394461.633597, 1629394464.0808713, 1629394466.1027863, 1629394468.1370687, 1629394469.9738472, 1629394472.2798636, 1629394473.9762208, 1629394475.6473272, 1629394478.876232, 1629394481.4373565, 1629394483.8289855, 1629394486.6596951, 1629394490.119903, 1629394492.0740883, 1629394494.3276534, 1629394495.8261232, 1629394497.3350413, 1629394499.613717, 1629394501.156509, 1629394502.9523673, 1629394504.6183662, 1629394506.2653544, 1629402562.1736114, 1629402563.984469, 1629402566.8099897, 1629402568.8764303, 1629402570.6404674, 1629402572.1403377, 1629402574.7400048, 1629402577.943895, 1629402580.3678448, 1629402582.2478971, 1629402585.3969421, 1629402588.1197135, 1629402591.099887, 1629402595.6173172, 1629402598.5907905, 1629402600.4082973, 1629402602.3339052, 1629402604.166848, 1629402606.6777499, 1629402608.8776174, 1629402610.5815518, 1629402613.6089861, 1629402616.3025765, 1629402619.515243, 1629402621.045122, 1629402622.9852457, 1629402625.7410583, 1629402627.5666156, 1629402630.258845, 1629402631.917581, 1629410705.5395727, 1629410707.5251062, 1629410711.042189, 1629410712.6921997, 1629410714.179078, 1629410716.2033155, 1629410717.9571948, 1629410720.6596544, 1629410722.5965552, 1629410725.3273957, 1629410727.8208554, 1629410729.757621, 1629410732.1878686, 1629410733.998372, 1629410735.744873, 1629410739.6036263, 1629410741.9917378, 1629410745.6300263, 1629410747.9692142, 1629410750.860112, 1629410754.778937, 1629410758.6583376, 1629410760.6196132, 1629410762.475737, 1629410764.418683, 1629410766.0134897, 1629410767.7095892, 1629410769.3861992, 1629410772.2740736, 1629410776.326231, 1629418849.838277, 1629418852.6774426, 1629418856.4083745, 1629418859.679528, 1629418862.5822961, 1629418865.7042394, 1629418867.8223808, 1629418869.9741242, 1629418873.0473533, 1629418876.3133519, 1629418879.9106314, 1629418883.3553498, 1629418885.8976526, 1629418888.0839584, 1629418890.6031606, 1629418893.2471657, 1629418895.6676574, 1629418898.5673208, 1629418901.3906043, 1629418903.3153746, 1629418906.947601, 1629418909.767596, 1629418912.1972136, 1629418915.0788496, 1629418917.493079, 1629418921.0875835, 1629418923.7028599, 1629418926.4659865, 1629418929.8475246, 1629418932.6581335, 1629426932.4534056, 1629426936.4935284, 1629426939.6251984, 1629426942.7702937, 1629426945.6343553, 1629426948.8855166, 1629426952.6539128, 1629426955.4422495, 1629426958.535166, 1629426961.389495, 1629426964.1825547, 1629426966.1443257, 1629426969.3231347, 1629426972.4645295, 1629426975.3112204, 1629426978.4221818, 1629426981.67556, 1629426984.7721841, 1629426987.758319, 1629426991.1128087, 1629426995.273578, 1629426998.430502, 1629427001.0058784, 1629427004.366407, 1629427007.4200785, 1629427010.8672333, 1629427014.3515549, 1629427017.3925211, 1629427020.6917512, 1629427023.5708258, 1629434935.3303885, 1629434938.3743043, 1629434941.3664222, 1629434945.511962, 1629434949.8140702, 1629434952.961284, 1629434956.0351467, 1629434959.0754328, 1629434962.4703264, 1629434964.8303206, 1629434968.0617607, 1629434972.233597, 1629434975.655311, 1629434978.6587653, 1629434981.678912, 1629434985.8711479, 1629434990.1581929, 1629434992.976875, 1629434996.0371802, 1629434998.991605, 1629435001.6629748, 1629435004.2305045, 1629435006.8733127, 1629435011.0211833, 1629435014.3765347, 1629435016.76462, 1629435019.0439906, 1629435022.7911706, 1629435025.8060143, 1629435029.0008886, 1629442927.8619106, 1629442930.5862622, 1629442935.116036, 1629442937.8173676, 1629442940.1191537, 1629442944.5187647, 1629442947.5921187, 1629442950.72952, 1629442952.5661957, 1629442955.3024158, 1629442960.131454, 1629442964.0619397, 1629442967.0900226, 1629442970.160353, 1629442973.985788, 1629442978.556496, 1629442983.1642098, 1629442986.3299203, 1629442988.8832374, 1629442993.1934521, 1629442998.6989615, 1629443002.6414757, 1629443006.4198391, 1629443010.9810085, 1629443014.0640886, 1629443017.1342235, 1629443020.0427048, 1629443023.5579062, 1629443026.3101695, 1629443029.5848973], "episode_lengths": [665, 681, 647, 549, 553, 453, 561, 487, 465, 705, 649, 687, 613, 649, 741, 917, 735, 661, 547, 533, 833, 561, 663, 493, 615, 505, 971, 525, 445, 847, 863, 357, 799, 445, 359, 393, 443, 641, 439, 385, 413, 369, 385, 1097, 341, 365, 423, 309, 579, 445, 495, 431, 489, 737, 441, 671, 383, 313, 417, 287, 383, 879, 707, 379, 549, 495, 517, 469, 559, 681, 533, 555, 503, 627, 469, 459, 873, 697, 661, 769, 781, 527, 627, 419, 425, 623, 429, 493, 455, 465, 587, 495, 771, 561, 481, 415, 709, 873, 661, 515, 653, 721, 823, 1225, 807, 495, 519, 497, 679, 605, 463, 827, 725, 869, 425, 537, 747, 505, 737, 455, 727, 521, 967, 457, 409, 557, 483, 717, 531, 749, 671, 533, 661, 495, 473, 1055, 651, 965, 611, 775, 865, 1057, 535, 489, 525, 439, 465, 457, 793, 1111, 909, 761, 1023, 895, 795, 841, 589, 595, 831, 893, 775, 933, 687, 603, 695, 707, 647, 785, 765, 521, 981, 769, 649, 781, 663, 981, 709, 751, 927, 757, 953, 1067, 843, 857, 785, 871, 1019, 751, 845, 779, 767, 543, 877, 857, 781, 849, 889, 843, 819, 909, 909, 851, 705, 901, 831, 919, 953, 833, 879, 779, 897, 835, 829, 1115, 1177, 857, 845, 833, 929, 653, 711, 1093, 939, 787, 829, 1143, 1173, 773, 849, 813, 725, 711, 725, 1145, 905, 653, 621, 1023, 827, 877, 943, 727, 1227, 735, 597, 1177, 837, 859, 501, 747, 1301, 1051, 831, 839, 1015, 1245, 1259, 865, 699, 1173, 1205, 1029, 1029, 1249, 843, 839, 793, 961, 755, 899],