{"initial_reset_timestamp": 1629020515.5663917, "timestamps": [1629020519.1102502, 1629020521.408254, 1629020523.2074575, 1629020525.3844745, 1629020527.470795, 1629020530.5721369, 1629020532.5847628, 1629020534.2331605, 1629020535.7330842, 1629020537.8942053, 1629020539.551163, 1629020541.167856, 1629020542.5877569, 1629020544.446663, 1629020547.3909087, 1629020549.858703, 1629020551.7768018, 1629020554.8310416, 1629020557.0964718, 1629020559.2898874, 1629020561.0392268, 1629020562.8845117, 1629020565.9216886, 1629020567.6379387, 1629020569.2723575, 1629020571.7891986, 1629020573.8798018, 1629020575.7340977, 1629020577.5000246, 1629020579.1961746, 1629024452.6004171, 1629024454.275797, 1629024456.8158238, 1629024459.830667, 1629024461.6376412, 1629024464.8880858, 1629024466.8521743, 1629024469.380053, 1629024472.433529, 1629024473.9417956, 1629024478.5317621, 1629024480.4974942, 1629024482.3681648, 1629024483.9688776, 1629024485.3790965, 1629024487.429216, 1629024489.4869597, 1629024490.8824887, 1629024492.782602, 1629024494.7272336, 1629024496.590309, 1629024498.7349, 1629024500.7471652, 1629024502.9686406, 1629024505.352334, 1629024507.9233658, 1629024509.690522, 1629024512.807176, 1629024514.6467133, 1629024516.293071, 1629028393.8559718, 1629028396.3776681, 1629028398.387717, 1629028399.6947286, 1629028401.2850413, 1629028402.9790218, 1629028404.820555, 1629028406.7226949, 1629028408.7946184, 1629028410.5306516, 1629028412.546154, 1629028414.349368, 1629028416.868449, 1629028419.460895, 1629028421.237144, 1629028423.7581823, 1629028425.1570024, 1629028427.3290162, 1629028428.6209009, 1629028431.4698544, 1629028434.6209252, 1629028436.4168184, 1629028440.040024, 1629028442.7753215, 1629028444.5463028, 1629028446.0048027, 1629028447.9199886, 1629028450.5523505, 1629028452.5687551, 1629028453.96113, 1629032332.2485101, 1629032334.197272, 1629032336.0816166, 1629032337.8617873, 1629032342.1034636, 1629032344.209313, 1629032345.96869, 1629032348.309062, 1629032350.264374, 1629032352.2956371, 1629032354.5747263, 1629032356.8065321, 1629032359.0307782, 1629032361.514075, 1629032363.3143227, 1629032367.2790523, 1629032369.2130284, 1629032371.0730743, 1629032373.0706468, 1629032374.8267846, 1629032377.0763698, 1629032379.319025, 1629032381.5864503, 1629032384.6466737, 1629032386.733349, 1629032388.3329148, 1629032392.0639603, 1629032394.353833, 1629032396.7262797, 1629032398.207126, 1629036264.7012708, 1629036266.1860836, 1629036268.5357687, 1629036270.7432992, 1629036272.7324853, 1629036274.900243, 1629036277.3496647, 1629036279.3300056, 1629036281.3879724, 1629036282.9861033, 1629036285.0971034, 1629036287.9612923, 1629036290.1084726, 1629036293.1602385, 1629036294.8942204, 1629036297.4372277, 1629036299.5012324, 1629036301.8045845, 1629036304.327212, 1629036306.337888, 1629036309.2829292, 1629036310.9738033, 1629036313.000739, 1629036316.1448905, 1629036317.4102101, 1629036321.1105285, 1629036322.8289218, 1629036325.1494324, 1629036328.1991055, 1629036330.3515291, 1629040200.5885506, 1629040202.967851, 1629040205.134261, 1629040206.817745, 1629040209.33269, 1629040211.4240832, 1629040213.4133925, 1629040215.1284287, 1629040216.8084629, 1629040219.9494956, 1629040222.3536475, 1629040225.2261724, 1629040229.595018, 1629040231.4331317, 1629040234.0182958, 1629040237.8955624, 1629040239.7467546, 1629040241.810758, 1629040243.9942245, 1629040247.8675678, 1629040250.062812, 1629040252.8409119, 1629040254.9878037, 1629040258.337732, 1629040261.0965247, 1629040263.9800496, 1629040265.8405106, 1629040267.6855927, 1629040269.9375012, 1629040273.5157988, 1629044147.300587, 1629044149.6081254, 1629044151.354197, 1629044153.841892, 1629044157.4374547, 1629044159.4251363, 1629044161.3330858, 1629044163.49771, 1629044166.5066564, 1629044169.8340442, 1629044171.494738, 1629044175.5105405, 1629044178.079107, 1629044179.7639618, 1629044182.5874212, 1629044186.2829647, 1629044189.7151728, 1629044193.310172, 1629044196.1322665, 1629044197.7717688, 1629044200.5738583, 1629044202.6712742, 1629044205.7793458, 1629044209.6728356, 1629044212.0136502, 1629044215.6023064, 1629044219.5056012, 1629044224.3639383, 1629044226.4481812, 1629044228.6027167, 1629048098.1516461, 1629048101.1941626, 1629048104.262092, 1629048107.0303855, 1629048109.211589, 1629048111.6369054, 1629048115.3769774, 1629048118.9814198, 1629048121.3489192, 1629048124.3816884, 1629048129.6731715, 1629048133.1642084, 1629048135.4398937, 1629048139.4561982, 1629048143.3846617, 1629048147.1778717, 1629048149.7798223, 1629048152.6786542, 1629048155.649125, 1629048159.028345, 1629048161.527203, 1629048165.645399, 1629048168.3937113, 1629048171.7149403, 1629048174.5225158, 1629048178.4433794, 1629048182.169858, 1629048184.8787656, 1629048187.9899669, 1629048191.642948, 1629052060.8239927, 1629052063.7732124, 1629052068.028148, 1629052071.3786714, 1629052074.993188, 1629052078.5662754, 1629052082.8440402, 1629052086.2763226, 1629052090.0294673, 1629052093.4467971, 1629052096.0772283, 1629052099.796729, 1629052103.3856313, 1629052106.5533814, 1629052109.8230457, 1629052113.5427723, 1629052117.8336923, 1629052121.5570006, 1629052125.5968199, 1629052128.7079825, 1629052130.764483, 1629052134.676924, 1629052136.5837631, 1629052140.0333261, 1629052143.5102448, 1629052147.0538187, 1629052150.8115587, 1629052154.5363936, 1629052158.5958526, 1629052161.5992472], "episode_lengths": [821, 599, 495, 599, 583, 857, 561, 457, 419, 595, 455, 433, 395, 517, 813, 677, 527, 843, 627, 609, 395, 509, 853, 479, 463, 703, 581, 517, 491, 473, 585, 461, 705, 813, 497, 903, 549, 697, 835, 419, 1039, 541, 517, 447, 397, 571, 573, 391, 523, 539, 517, 599, 561, 617, 665, 703, 493, 861, 507, 457, 485, 687, 535, 369, 441, 469, 505, 525, 575, 477, 557, 497, 675, 715, 495, 699, 387, 597, 347, 795, 681, 489, 991, 753, 493, 411, 517, 713, 551, 391, 753, 543, 517, 495, 1143, 583, 483, 653, 545, 565, 493, 587, 615, 689, 507, 1097, 535, 515, 557, 481, 625, 625, 627, 839, 577, 431, 1033, 631, 655, 413, 459, 409, 655, 615, 549, 603, 681, 557, 577, 447, 589, 773, 601, 851, 481, 707, 573, 637, 697, 559, 637, 457, 569, 875, 357, 1033, 481, 649, 853, 599, 529, 649, 583, 465, 695, 587, 557, 473, 465, 877, 529, 775, 1183, 503, 717, 1071, 519, 579, 603, 1077, 609, 773, 575, 937, 767, 797, 513, 509, 619, 967, 853, 609, 487, 683, 991, 543, 521, 589, 831, 917, 455, 1119, 719, 469, 785, 975, 929, 989, 783, 451, 635, 567, 865, 1059, 635, 973, 1061, 1345, 583, 603, 1179, 845, 849, 763, 585, 681, 1031, 995, 657, 837, 1205, 959, 631, 1093, 1089, 1029, 725, 809, 831, 929, 693, 1129, 757, 921, 783, 1093, 1013, 723, 859, 1019, 1271, 793, 1177, 923, 997, 985, 1169, 947, 1039, 937, 707, 1015, 993, 873, 911, 1031, 1191, 1031, 1121, 859, 429, 1063, 525, 931, 961, 959, 1047, 1015, 1113, 843],