{"initial_reset_timestamp": 1629460758.51692, "timestamps": [1629460762.9233816, 1629460766.7713573, 1629460769.758658, 1629460773.1669102, 1629460776.3337421, 1629460779.7204733, 1629460782.6499662, 1629460786.3377507, 1629460789.879254, 1629460793.060023, 1629460796.0822082, 1629460799.2914183, 1629460802.4416826, 1629460805.2663784, 1629460808.3999176, 1629460812.4055068, 1629460815.9388368, 1629460819.209145, 1629460822.8052697, 1629460826.6230896, 1629460831.2413585, 1629460835.6813512, 1629460839.4165797, 1629460842.3494031, 1629460846.5949728, 1629460850.8528743, 1629460854.2950895, 1629460858.0086427, 1629460861.4437845, 1629460864.5880687, 1629468741.3107643, 1629468747.2342238, 1629468753.6660802, 1629468760.1798716, 1629468766.2825944, 1629468771.7405941, 1629468776.7738795, 1629468783.7108383, 1629468789.4403832, 1629468795.4462733, 1629468802.7709987, 1629468809.1815221, 1629468815.0856256, 1629468820.9371407, 1629468825.82553, 1629468832.7787752, 1629468839.1630669, 1629468844.5420947, 1629468849.8400161, 1629468855.5903027, 1629468862.3401947, 1629468869.1208222, 1629468875.914178, 1629468882.0383737, 1629468887.6673105, 1629468893.9014418, 1629468900.0747178, 1629468906.6045413, 1629468911.8584979, 1629468916.4840376, 1629476856.0645554, 1629476863.7413552, 1629476872.224709, 1629476880.026171, 1629476887.4894915, 1629476896.0106115, 1629476902.9577081, 1629476910.1366346, 1629476918.2917418, 1629476925.3644204, 1629476932.5266454, 1629476940.3423717, 1629476948.3788846, 1629476957.8612497, 1629476966.9136078, 1629476975.7158096, 1629476983.3629875, 1629476992.6526475, 1629477000.197613, 1629477009.7020922, 1629477019.2733452, 1629477028.3671832, 1629477037.2079065, 1629477046.5294542, 1629477054.6427069, 1629477063.5247083, 1629477071.5261812, 1629477078.9615726, 1629477086.2268665, 1629477092.9733057, 1629485086.006057, 1629485097.3874798, 1629485107.974874, 1629485120.1487195, 1629485128.479238, 1629485140.0777006, 1629485150.942113, 1629485163.8724306, 1629485172.9778714, 1629485184.8533633, 1629485200.2069466, 1629485211.9145439, 1629485223.4416053, 1629485235.7707202, 1629485247.5571668, 1629485257.1332662, 1629485268.9889712, 1629485283.000786, 1629485293.3249266, 1629485306.1573315, 1629485316.91803, 1629485330.083871, 1629485345.0848293, 1629485357.6046715, 1629485368.721408, 1629485378.7374737, 1629485389.598427, 1629485396.9844494, 1629485406.9818301, 1629485418.346336, 1629493398.6383848, 1629493415.233955, 1629493431.9034061, 1629493447.2415533, 1629493464.0072901, 1629493479.8637497, 1629493494.510916, 1629493509.3248658, 1629493521.9584858, 1629493538.1608226, 1629493554.6655073, 1629493570.0720081, 1629493585.5595424, 1629493598.6438112, 1629493615.5975535, 1629493631.786289, 1629493646.8652208, 1629493663.3012705, 1629493678.6086462, 1629493692.8164423, 1629493707.7385607, 1629493721.0718105, 1629493734.7947862, 1629493751.9673035, 1629493765.405602, 1629493781.8908536, 1629493796.3191772, 1629493811.7560017, 1629493824.4422054, 1629493841.4898763, 1629501949.975392, 1629501968.3186185, 1629501981.9741826, 1629501996.1031072, 1629502013.0625129, 1629502029.8245351, 1629502044.8329964, 1629502062.7320921, 1629502079.034728, 1629502095.193111, 1629502113.697486, 1629502128.7647414, 1629502145.0516298, 1629502158.3987675, 1629502170.9651804, 1629502188.2072606, 1629502200.6166852, 1629502213.8367348, 1629502227.9794688, 1629502243.6443818, 1629502256.740121, 1629502274.3752046, 1629502288.2905345, 1629502306.4229603, 1629502323.393315, 1629502338.5490344, 1629502354.2918315, 1629502371.9210577, 1629502387.232192, 1629502401.7907543, 1629510344.2178295, 1629510361.8169222, 1629510381.0884569, 1629510396.0636325, 1629510411.8915536, 1629510426.0256267, 1629510439.7769744, 1629510455.3846688, 1629510472.6229966, 1629510488.9492354, 1629510502.76044, 1629510516.1728892, 1629510534.3845851, 1629510552.2088916, 1629510571.0701728, 1629510590.4740477, 1629510604.0771477, 1629510621.7129104, 1629510638.3195815, 1629510653.461662, 1629510677.9981754, 1629510694.7686362, 1629510711.9830685, 1629510726.8108056, 1629510742.5641515, 1629510757.4336188, 1629510775.0304804, 1629510786.3352911, 1629510799.7500103, 1629510812.576024, 1629518563.793217, 1629518581.6714928, 1629518598.1132786, 1629518611.8596604, 1629518625.8689885, 1629518643.4878325, 1629518656.684227, 1629518673.7284503, 1629518689.8138635, 1629518703.1859605, 1629518723.2911475, 1629518742.024588, 1629518754.2549808, 1629518766.1675596, 1629518783.6177576, 1629518799.6395838, 1629518819.8036432, 1629518831.5118933, 1629518850.910682, 1629518863.3529472, 1629518875.831802, 1629518891.9103382, 1629518908.0619214, 1629518923.0399413, 1629518939.6554236, 1629518957.39025, 1629518974.786973, 1629518989.75517, 1629519008.7326849, 1629519027.4011827, 1629526898.88082, 1629526912.432287, 1629526929.6693, 1629526945.8345, 1629526959.135387, 1629526974.7504334, 1629526990.6722496, 1629527003.469204, 1629527017.3338473, 1629527035.1008375, 1629527048.539981, 1629527065.488283, 1629527080.2733905, 1629527094.4978292, 1629527111.4237542, 1629527124.9133244, 1629527144.1322956, 1629527161.7863352, 1629527174.361154, 1629527189.21072, 1629527208.8776233, 1629527227.2517211, 1629527240.4353874, 1629527259.0136452, 1629527274.347188, 1629527289.5255046, 1629527304.866605, 1629527320.079027, 1629527333.6269486, 1629527350.9727163, 1629535223.0122316, 1629535239.3619645, 1629535257.3876173, 1629535272.117698, 1629535289.15318, 1629535305.4694715, 1629535321.7132132, 1629535332.3945289, 1629535346.753088, 1629535362.4897592, 1629535379.7802784, 1629535394.3543255, 1629535408.7887902, 1629535425.8415403, 1629535442.9975958, 1629535457.2243862, 1629535471.9170442, 1629535486.0066059, 1629535500.8968768, 1629535514.3416455, 1629535529.1602592, 1629535546.5688934, 1629535563.4869583, 1629535578.379197, 1629535590.869959, 1629535605.1631918, 1629535620.5995145, 1629535636.5251849, 1629535655.336745, 1629535670.834141], "episode_lengths": [977, 1014, 839, 948, 888, 937, 821, 1032, 961, 895, 852, 904, 884, 783, 873, 1094, 973, 912, 1009, 1072, 1093, 1191, 1036, 792, 1183, 1184, 942, 1025, 965, 886, 1796, 1643, 1802, 1824, 1705, 1525, 1386, 1943, 1605, 1673, 1623, 1772, 1642, 1626, 1357, 1919, 1749, 1497, 1471, 1601, 1881, 1878, 1896, 1659, 1552, 1698, 1704, 1799, 1463, 1296, 2147, 2132, 2342, 2129, 2090, 2385, 1946, 1998, 2281, 1989, 2017, 2168, 2251, 2664, 2514, 2453, 2110, 2579, 2110, 2623, 2189, 2518, 2452, 2608, 2261, 2493, 2255, 2078, 2030, 1879, 3750, 3154, 2959, 3397, 2316, 3217, 3017, 3603, 2553, 3314, 3475, 3256, 3211, 3414, 3318, 2692, 3331, 3947, 2903, 3557, 3002, 3697, 4166, 3494, 3116, 2782, 3049, 2021, 2791, 3135, 4906, 4564, 4701, 4298, 4713, 4456, 4083, 4167, 3515, 4537, 4613, 4342, 4343, 3674, 4765, 4529, 4244, 4542, 4276, 3967, 3426, 3712, 3815, 4795, 3726, 4586, 4042, 4318, 3563, 4785, 4643, 5109, 3799, 3908, 4735, 4645, 4184, 4977, 4538, 4481, 4218, 4185, 4545, 3709, 3502, 4787, 3449, 3669, 3941, 4351, 3632, 4822, 3832, 5062, 4727, 4207, 4403, 4873, 4255, 4035, 4005, 4778, 5398, 4207, 4392, 3946, 3828, 4275, 4820, 4557, 3858, 3741, 4968, 4950, 5211, 5307, 3774, 4946, 4555, 4205, 5622, 4689, 4760, 4136, 4396, 4105, 4920, 3127, 3717, 3581, 5245, 4955, 4525, 3836, 3896, 4920, 3669, 4779, 4478, 3679, 4563, 5166, 3382, 3332, 4850, 4479, 5594, 3269, 5354, 3484, 3481, 4468, 4517, 4190, 4614, 4883, 4828, 4150, 5286, 5206, 4407, 3772, 4795, 4481, 3706, 4349, 4406, 3579, 3838, 4954, 3731, 4747, 4106, 3947, 4699, 3767, 5305, 4881, 3511, 4096, 4564, 5080, 3670, 5220, 4275, 4243, 4271, 4169, 3791, 4841, 3566, 4524, 5038, 4114, 4767, 4571, 4562, 2970, 3982, 4357, 3924, 4062, 4037, 4715, 4731, 3985, 4115, 3908, 4154, 3715, 4122, 4825, 4706, 4141, 3420, 3979, 4280, 4445, 5243, 4314],