{"initial_reset_timestamp": 1629067728.0446944, "timestamps": [1629067733.404313, 1629067736.443276, 1629067740.0790412, 1629067742.8218868, 1629067746.1215522, 1629067749.9923344, 1629067753.266693, 1629067756.8558078, 1629067760.3186975, 1629067763.9627306, 1629067768.1623292, 1629067771.5317204, 1629067774.3986235, 1629067778.0234778, 1629067780.9316041, 1629067784.0585663, 1629067787.076077, 1629067790.11221, 1629067793.9520667, 1629067798.6993756, 1629067802.7806685, 1629067806.4479427, 1629067810.1189568, 1629067813.61804, 1629067817.202347, 1629067821.1490831, 1629067824.1102178, 1629067827.7460616, 1629067830.6965575, 1629067834.05514, 1629071759.2310271, 1629071765.9593296, 1629071771.6194208, 1629071776.8207347, 1629071783.7156146, 1629071789.3260036, 1629071795.2947514, 1629071801.0773191, 1629071806.3355582, 1629071811.7675624, 1629071817.3931031, 1629071822.8324828, 1629071827.8934271, 1629071833.2690654, 1629071838.8534575, 1629071844.342496, 1629071849.8836353, 1629071855.0963404, 1629071860.8321602, 1629071866.2576704, 1629071871.206002, 1629071877.1925473, 1629071882.5295787, 1629071888.1499078, 1629071893.168075, 1629071898.7918346, 1629071905.4479382, 1629071911.05192, 1629071916.750423, 1629071921.2456222, 1629075873.2698407, 1629075882.1180265, 1629075889.8182428, 1629075897.8243418, 1629075906.7903316, 1629075915.5870156, 1629075923.4574146, 1629075932.9969628, 1629075941.9300709, 1629075950.0382047, 1629075958.1939766, 1629075965.7681503, 1629075976.067852, 1629075985.6462145, 1629075995.0835276, 1629076002.6079, 1629076010.5657604, 1629076018.4380825, 1629076026.3603122, 1629076035.7380939, 1629076047.5444503, 1629076055.9806404, 1629076064.7325487, 1629076072.190351, 1629076080.8233192, 1629076088.3896897, 1629076098.1379218, 1629076107.2492251, 1629076114.1088414, 1629076123.1308951, 1629080059.717739, 1629080068.248001, 1629080077.566357, 1629080086.5843003, 1629080097.3785374, 1629080105.867025, 1629080115.092178, 1629080123.3899682, 1629080130.8870153, 1629080141.0847118, 1629080150.7660987, 1629080158.8297796, 1629080164.584681, 1629080174.7243469, 1629080183.7383275, 1629080191.069813, 1629080201.6497033, 1629080209.8356464, 1629080218.4417124, 1629080228.0570214, 1629080237.2574928, 1629080245.932001, 1629080255.9319768, 1629080265.0917842, 1629080272.2741537, 1629080279.1699638, 1629080287.6309168, 1629080295.067476, 1629080305.7465148, 1629080315.549448, 1629084275.030374, 1629084287.1890268, 1629084300.5617292, 1629084311.6174536, 1629084320.9174242, 1629084333.5537663, 1629084345.651243, 1629084357.781498, 1629084369.0393255, 1629084379.7043302, 1629084392.1206927, 1629084402.6440635, 1629084414.1155813, 1629084426.2915654, 1629084438.1587496, 1629084447.7094576, 1629084459.6432233, 1629084469.7020347, 1629084482.9272957, 1629084493.0315628, 1629084505.5882013, 1629084515.078677, 1629084527.5438066, 1629084536.62496, 1629084546.596974, 1629084557.7736776, 1629084569.6571946, 1629084582.3210464, 1629084592.2926388, 1629084602.3270857, 1629088536.0392225, 1629088550.4231505, 1629088568.9186354, 1629088583.505384, 1629088602.33765, 1629088618.2086637, 1629088637.049038, 1629088653.2168193, 1629088668.2906888, 1629088683.4135199, 1629088704.2646518, 1629088716.6464825, 1629088733.908743, 1629088750.386441, 1629088766.2251103, 1629088778.654325, 1629088794.2926664, 1629088807.4128983, 1629088823.358654, 1629088838.719855, 1629088854.6000998, 1629088871.6444862, 1629088889.703871, 1629088903.43408, 1629088919.538883, 1629088934.8504844, 1629088951.047481, 1629088967.3872468, 1629088984.096303, 1629088999.9404209, 1629092963.157296, 1629092977.7427247, 1629092995.878716, 1629093013.3407042, 1629093027.7833893, 1629093042.8408217, 1629093057.5994978, 1629093072.8024707, 1629093091.7533858, 1629093106.3433502, 1629093119.9290667, 1629093135.351232, 1629093149.9392297, 1629093168.842689, 1629093185.308471, 1629093197.2065682, 1629093215.6432188, 1629093234.5381434, 1629093248.3658943, 1629093268.2011895, 1629093288.704218, 1629093308.086735, 1629093324.6741827, 1629093341.062998, 1629093360.5198846, 1629093376.1763475, 1629093391.7283015, 1629093409.3544686, 1629093424.2239316, 1629093439.92421, 1629097379.073255, 1629097390.3990397, 1629097403.8064802, 1629097421.9850502, 1629097438.713213, 1629097450.5143268, 1629097463.4020364, 1629097476.6188717, 1629097489.9506974, 1629097507.02376, 1629097524.4159946, 1629097539.9590037, 1629097552.4082544, 1629097566.6350195, 1629097583.3834443, 1629097599.7777786, 1629097616.0717304, 1629097630.039083, 1629097640.7570004, 1629097653.5940619, 1629097671.4157286, 1629097685.107954, 1629097701.7414432, 1629097712.2932718, 1629097730.0822728, 1629097745.8337603, 1629097762.777612, 1629097776.5038018, 1629097790.688779, 1629097808.7869968, 1629101707.4912634, 1629101719.2676272, 1629101733.0432937, 1629101747.7968028, 1629101767.2476985, 1629101778.6567683, 1629101790.6182904, 1629101800.7930489, 1629101813.8524303, 1629101826.2229455, 1629101841.3115454, 1629101856.8645372, 1629101870.2778268, 1629101882.710258, 1629101896.8732543, 1629101908.8852942, 1629101919.9079204, 1629101934.5471306, 1629101949.6922104, 1629101962.7003796, 1629101980.0410373, 1629101992.7162404, 1629102006.931423, 1629102019.8247073, 1629102033.833638, 1629102051.5443037, 1629102065.3166792, 1629102080.232337, 1629102094.4719493, 1629102110.2344496, 1629106049.4151301, 1629106064.9922862, 1629106078.8245482, 1629106092.8204775, 1629106108.121314, 1629106120.116181, 1629106133.5927713, 1629106147.1068473, 1629106158.4423454, 1629106170.323467, 1629106183.8133469, 1629106199.1968234, 1629106213.4963174, 1629106225.7400827, 1629106240.128093, 1629106255.17871, 1629106268.6384027, 1629106281.3057988, 1629106292.7016177, 1629106303.5895205, 1629106318.9178185, 1629106332.7165606, 1629106346.4954252, 1629106359.3342905, 1629106372.9685817, 1629106387.5885365, 1629106401.3652484, 1629106414.5187356, 1629106429.3385227, 1629106443.649749], "episode_lengths": [1190, 826, 1016, 764, 921, 1087, 908, 1002, 965, 1015, 1155, 946, 792, 1001, 792, 852, 845, 843, 1065, 1332, 884, 994, 1025, 967, 1009, 1100, 824, 1009, 824, 940, 1502, 1855, 1568, 1438, 1885, 1548, 1676, 1594, 1445, 1515, 1296, 1494, 1405, 1506, 1555, 1525, 1539, 1446, 1602, 1514, 1369, 1674, 1472, 1555, 1406, 1571, 1870, 1554, 1594, 1260, 2353, 2458, 2136, 2223, 2493, 2425, 2202, 2666, 2503, 2265, 2277, 2112, 2838, 2630, 2623, 2098, 2231, 2206, 2203, 2615, 2631, 2329, 2417, 2059, 2382, 2105, 2727, 2518, 1912, 2517, 2277, 2380, 2583, 2473, 3002, 2309, 2567, 2318, 2092, 2853, 2191, 2224, 1618, 2835, 2516, 2052, 2957, 2269, 2388, 2644, 2532, 2425, 2787, 2575, 2003, 1914, 2358, 2021, 2985, 2726, 2544, 3321, 3689, 3072, 2593, 3529, 3333, 3359, 3112, 2982, 3467, 2932, 3195, 3376, 3263, 2641, 3304, 2804, 3680, 2822, 2938, 2617, 3430, 2495, 2785, 3137, 3312, 3528, 2768, 2808, 3469, 3917, 5145, 4005, 5235, 4385, 5225, 4474, 4167, 4176, 4774, 3387, 4785, 4534, 4373, 3430, 4368, 3640, 4412, 4243, 4425, 4718, 4910, 3839, 4499, 4280, 4512, 4575, 4623, 4384, 4994, 4063, 5005, 4887, 4021, 4191, 4044, 4194, 5252, 4027, 3807, 4278, 4055, 5216, 4557, 3315, 5100, 5240, 3844, 5491, 4699, 5398, 4546, 4538, 5384, 4357, 4312, 4880, 4089, 4373, 3352, 3166, 3747, 5009, 4630, 3249, 3574, 3676, 3717, 4706, 4075, 4351, 3436, 3942, 4672, 4487, 4530, 3885, 2993, 3564, 4954, 3828, 4586, 2943, 4957, 4395, 4700, 3818, 3958, 5030, 3702, 3266, 3818, 4128, 5409, 3175, 3337, 2838, 3648, 3455, 4175, 4330, 3700, 3433, 3968, 3356, 3064, 4060, 4200, 3581, 4008, 3516, 3982, 3573, 3891, 4866, 3839, 4127, 3934, 4382, 3394, 4334, 3838, 3830, 4268, 3310, 3760, 3734, 3157, 3312, 3099, 4300, 3938, 3379, 3982, 4166, 3732, 3537, 3185, 3011, 4261, 3817, 3843, 3555, 3793, 4062, 3781, 3671, 4128, 3966],