{"initial_reset_timestamp": 1629905800.6557126, "timestamps": [1629905804.8046765, 1629905808.1109455, 1629905810.8971994, 1629905814.3653898, 1629905818.0631318, 1629905822.4761293, 1629905825.8424199, 1629905829.312977, 1629905832.7046456, 1629905836.726847, 1629905840.2307053, 1629905843.350137, 1629905847.1836247, 1629905850.4439235, 1629905853.598621, 1629905857.0452137, 1629905861.1614852, 1629905864.757297, 1629905867.5930996, 1629905870.336196, 1629905874.044271, 1629905877.1918912, 1629905880.170899, 1629905883.0186856, 1629905886.478284, 1629905890.523061, 1629905894.0560038, 1629905897.3691585, 1629905900.2656999, 1629905903.30107, 1629915595.1595705, 1629915602.1720924, 1629915607.9681494, 1629915613.6893685, 1629915620.4679322, 1629915627.324485, 1629915633.1997197, 1629915639.2408862, 1629915644.3219764, 1629915650.656605, 1629915657.3961177, 1629915663.7721672, 1629915670.7711544, 1629915677.2864523, 1629915683.4509199, 1629915691.347252, 1629915698.5855684, 1629915703.8749907, 1629915710.4177701, 1629915717.0960064, 1629915723.3222263, 1629915729.568719, 1629915735.8740523, 1629915742.5875585, 1629915749.1494074, 1629915754.9238923, 1629915760.6158767, 1629915767.2658508, 1629915773.6245341, 1629915779.7608674, 1629925465.4836662, 1629925473.351155, 1629925481.1687057, 1629925487.9460185, 1629925494.4168112, 1629925503.5205474, 1629925513.5650535, 1629925521.266827, 1629925529.4897466, 1629925537.3042798, 1629925544.6388392, 1629925552.750911, 1629925561.4234366, 1629925569.7847097, 1629925575.9617128, 1629925583.49906, 1629925590.3686938, 1629925597.0679574, 1629925604.6409478, 1629925613.1561036, 1629925621.7847588, 1629925632.0716252, 1629925639.6637137, 1629925647.8147368, 1629925655.6102724, 1629925663.0863903, 1629925671.3535573, 1629925679.0305803, 1629925686.5787768, 1629925694.5826955, 1629935401.1890028, 1629935411.0959523, 1629935420.8610725, 1629935430.0983193, 1629935439.0314353, 1629935447.863125, 1629935457.2666512, 1629935466.673972, 1629935475.6569018, 1629935484.8720994, 1629935499.4516318, 1629935509.9224439, 1629935520.6818404, 1629935530.052161, 1629935538.5178056, 1629935547.7050803, 1629935561.3452888, 1629935571.3247159, 1629935581.1222138, 1629935591.1602657, 1629935601.5117378, 1629935613.4913502, 1629935623.3430839, 1629935634.716018, 1629935643.8961997, 1629935654.6054523, 1629935663.3143904, 1629935672.1200917, 1629935683.4771833, 1629935691.6710954, 1629945204.1606736, 1629945217.497137, 1629945232.7332928, 1629945248.1064844, 1629945262.280959, 1629945273.8761241, 1629945288.4997604, 1629945302.0781705, 1629945315.7129974, 1629945328.7596688, 1629945340.6426678, 1629945352.7890491, 1629945368.4584107, 1629945382.0362813, 1629945397.838035, 1629945407.928179, 1629945424.6552403, 1629945441.8763347, 1629945456.160978, 1629945470.298315, 1629945486.6350958, 1629945500.7972176, 1629945512.5642002, 1629945530.3370864, 1629945545.8223038, 1629945559.1801405, 1629945573.5286891, 1629945589.6147575, 1629945601.4514835, 1629945615.6918437, 1629955014.820017, 1629955027.6236887, 1629955038.3033175, 1629955049.3985727, 1629955060.5238318, 1629955074.8402681, 1629955088.3334332, 1629955102.8407445, 1629955114.0585248, 1629955128.0766003, 1629955145.9208517, 1629955161.5569034, 1629955175.3772068, 1629955186.018851, 1629955201.043342, 1629955213.427951, 1629955225.4405532, 1629955241.0326633, 1629955253.0089605, 1629955265.5350149, 1629955275.6712205, 1629955286.2820692, 1629955302.544509, 1629955318.1557922, 1629955329.057229, 1629955344.456514, 1629955357.4964821, 1629955370.8620021, 1629955381.0470307, 1629955394.611556, 1629964646.3804142, 1629964654.6314461, 1629964664.959062, 1629964678.3150048, 1629964687.822489, 1629964700.453206, 1629964710.87946, 1629964724.4039888, 1629964735.1956327, 1629964747.5781403, 1629964757.290566, 1629964768.577832, 1629964779.7082486, 1629964790.1918976, 1629964798.8042996, 1629964807.7866914, 1629964819.085946, 1629964828.6646144, 1629964839.4415283, 1629964848.3560085, 1629964862.7542536, 1629964874.292605, 1629964883.0329912, 1629964893.4906929, 1629964906.641785, 1629964915.4450483, 1629964928.681958, 1629964937.4630797, 1629964950.3925118, 1629964959.7551267, 1629974559.1369498, 1629974569.6744714, 1629974577.9505062, 1629974588.394799, 1629974599.848687, 1629974609.2673695, 1629974621.8741567, 1629974632.8954499, 1629974642.056113, 1629974653.8695066, 1629974666.4342852, 1629974681.0491936, 1629974694.629052, 1629974708.3161156, 1629974717.783599, 1629974728.967624, 1629974740.6738007, 1629974752.6723616, 1629974762.1370862, 1629974776.5965528, 1629974787.5896637, 1629974797.4388046, 1629974810.2652373, 1629974819.9486313, 1629974831.586318, 1629974842.5876105, 1629974852.6922233, 1629974865.9192865, 1629974876.477317, 1629974887.1552343, 1629984512.3331428, 1629984522.7850285, 1629984531.482574, 1629984539.2704244, 1629984546.9204047, 1629984554.4145117, 1629984565.5816424, 1629984577.313344, 1629984590.3896332, 1629984599.4832528, 1629984610.091262, 1629984618.3283374, 1629984628.2369127, 1629984637.2587228, 1629984647.1377656, 1629984656.2515013, 1629984668.2738724, 1629984677.8849342, 1629984686.878318, 1629984696.7701075, 1629984706.5212948, 1629984717.494622, 1629984727.8800428, 1629984739.8317792, 1629984747.634447, 1629984763.173101, 1629984774.7802844, 1629984783.7346873, 1629984792.034651, 1629984801.8331313, 1629994300.3459303, 1629994308.000886, 1629994319.7333715, 1629994328.1115198, 1629994335.9477565, 1629994346.0522661, 1629994360.520584, 1629994369.2284343, 1629994380.5043986, 1629994389.7665322, 1629994401.6164665, 1629994410.619594, 1629994421.1746833, 1629994431.4101815, 1629994442.21119, 1629994456.1817448, 1629994465.736403, 1629994476.6760025, 1629994486.0665584, 1629994495.5314894, 1629994504.4843705, 1629994516.3565056, 1629994526.7413528, 1629994535.3855534, 1629994544.842978, 1629994556.987845, 1629994564.9308066, 1629994573.111997, 1629994581.6531386, 1629994590.2596946], "episode_lengths": [957, 910, 783, 980, 1040, 1244, 944, 974, 955, 1100, 960, 885, 1055, 913, 886, 972, 1153, 1007, 812, 783, 843, 884, 840, 802, 969, 1111, 992, 938, 824, 866, 2162, 1977, 1639, 1618, 1919, 1935, 1655, 1679, 1429, 1783, 1572, 1777, 1937, 1812, 1731, 2192, 1992, 1489, 1818, 1851, 1765, 1754, 1771, 1883, 1834, 1631, 1606, 1861, 1789, 1730, 1800, 2196, 2175, 1892, 1812, 2545, 2806, 2148, 2300, 2182, 2031, 2283, 2399, 2328, 1723, 2125, 1926, 1869, 2130, 2368, 2020, 2853, 2146, 2296, 2205, 2080, 2317, 2160, 2113, 2243, 2492, 2774, 2749, 2580, 2488, 2453, 2607, 2646, 2495, 2585, 3313, 2887, 2986, 2558, 2369, 2563, 3783, 2753, 2758, 2809, 2891, 3347, 2718, 3159, 2589, 2988, 2435, 2468, 3175, 2318, 3037, 3719, 4277, 4284, 3933, 3240, 4096, 3809, 3750, 3677, 3333, 3416, 4368, 3817, 4409, 2822, 4683, 4822, 4010, 3961, 3801, 3945, 3280, 5000, 4331, 3767, 4032, 4517, 3316, 4016, 4136, 3570, 2972, 3113, 3119, 4030, 3763, 4065, 3142, 3923, 4197, 4369, 3840, 2999, 4236, 3440, 3343, 4359, 3381, 3501, 2843, 3001, 4502, 4400, 3050, 4297, 3664, 3677, 2873, 3805, 3061, 2300, 2885, 3746, 2669, 3517, 2940, 3785, 2999, 3439, 2741, 3166, 3096, 2944, 2423, 2510, 3183, 2660, 2989, 2498, 3281, 3195, 2458, 2952, 3705, 2455, 3727, 2481, 3553, 2631, 2792, 2939, 2309, 2895, 3193, 2650, 3533, 3094, 2576, 3318, 3015, 4083, 3801, 3847, 2609, 3135, 3292, 3344, 2670, 4046, 3105, 2773, 3586, 2729, 3256, 3082, 2791, 3691, 2935, 2994, 2356, 2899, 2428, 2188, 2103, 2086, 3130, 3271, 3653, 2547, 2939, 2285, 2802, 2531, 2758, 2541, 3364, 2706, 2526, 2793, 2272, 3076, 2926, 3350, 2168, 4354, 3262, 2505, 2311, 2718, 2798, 2156, 3284, 2363, 2217, 2841, 4053, 2442, 3166, 2608, 2815, 2523, 2950, 2853, 3010, 3930, 2689, 3088, 2646, 2650, 2511, 3338, 2920, 2418, 2647, 3379, 2253, 2317, 2376, 2407],