{"initial_reset_timestamp": 1623016015.9464068, "timestamps": [1623016026.4225597, 1623016033.1304603, 1623016038.532457, 1623016043.863234, 1623016050.131332, 1623016056.478675, 1623016062.0220313, 1623016067.8353357, 1623016072.7487774, 1623016080.7170684, 1623016087.9075482, 1623016094.554174, 1623016100.2354167, 1623016106.5345256, 1623016112.222069, 1623016118.9983332, 1623016124.852064, 1623016130.1626363, 1623016136.7473116, 1623016143.4240339, 1623016151.2675874, 1623016157.0223684, 1623016164.8721073, 1623016172.44438, 1623016177.5981443, 1623016184.9595234, 1623016191.883894, 1623016198.7672713, 1623016204.2454755, 1623016210.3903325, 1623029026.6016152, 1623029035.2794852, 1623029044.4980905, 1623029054.1078544, 1623029065.2933862, 1623029077.1905167, 1623029090.4537303, 1623029104.16168, 1623029114.7273643, 1623029126.0836093, 1623029142.1905308, 1623029152.5382266, 1623029163.5751626, 1623029173.310648, 1623029185.0569284, 1623029197.9314675, 1623029211.5009882, 1623029225.2143908, 1623029237.3735979, 1623029253.077503, 1623029268.393641, 1623029278.1662433, 1623029289.030254, 1623029302.272903, 1623029313.6612918, 1623029324.4858406, 1623029339.3443532, 1623029354.1287205, 1623029367.308967, 1623029375.8328338, 1623042426.0891297, 1623042443.1381824, 1623042458.8192492, 1623042470.8662827, 1623042481.5402448, 1623042498.1951952, 1623042509.360699, 1623042523.9868796, 1623042539.2015915, 1623042552.8277535, 1623042569.8432817, 1623042586.050945, 1623042597.1106942, 1623042612.058762, 1623042626.031411, 1623042640.8172762, 1623042656.110607, 1623042669.6183221, 1623042682.969479, 1623042697.0618224, 1623042711.743348, 1623042726.1043553, 1623042740.5111184, 1623042754.1305747, 1623042768.098517, 1623042783.2068741, 1623042792.7407184, 1623042804.3188417, 1623042819.69733, 1623042834.010172, 1623056295.3920856, 1623056307.2148094, 1623056316.5459428, 1623056326.6992245, 1623056337.6498268, 1623056354.2607603, 1623056368.698723, 1623056381.860711, 1623056396.216484, 1623056408.3503892, 1623056424.8649347, 1623056438.71511, 1623056451.6829116, 1623056464.4995015, 1623056478.1143196, 1623056489.8290975, 1623056500.8636994, 1623056515.7297127, 1623056528.2509077, 1623056540.3265612, 1623056556.741197, 1623056568.599127, 1623056582.8725657, 1623056595.554262, 1623056610.2098744, 1623056620.5569727, 1623056637.1898117, 1623056654.05082, 1623056662.8610125, 1623056674.9660807, 1623070487.0169332, 1623070498.0165038, 1623070513.5153604, 1623070525.6209602, 1623070539.5317502, 1623070552.2539663, 1623070562.7250626, 1623070573.8525999, 1623070586.115898, 1623070597.8929236, 1623070610.1614428, 1623070621.4703686, 1623070631.140129, 1623070642.7632506, 1623070652.6103237, 1623070664.5289063, 1623070681.3636098, 1623070692.9610758, 1623070701.7611318, 1623070714.3603384, 1623070729.0384278, 1623070740.6758113, 1623070751.0454404, 1623070760.8187404, 1623070774.7313278, 1623070785.1010787, 1623070799.109249, 1623070807.2731535, 1623070818.5860903, 1623070831.5195649, 1623084673.012161, 1623084684.9332767, 1623084695.1571822, 1623084711.088943, 1623084724.0131524, 1623084739.0735826, 1623084748.2797987, 1623084758.9459002, 1623084771.4536138, 1623084783.7060688, 1623084798.717208, 1623084810.3186212, 1623084820.5418348, 1623084834.2903998, 1623084850.3243296, 1623084869.0783563, 1623084878.277267, 1623084889.3717337, 1623084900.2922919, 1623084910.9269323, 1623084923.9727902, 1623084933.7997985, 1623084944.4358678, 1623084956.2643487, 1623084965.5575364, 1623084976.5903828, 1623084988.5665412, 1623085000.602554, 1623085014.1909032, 1623085023.1062942, 1623098566.9677167, 1623098576.8039072, 1623098588.030075, 1623098601.2505507, 1623098611.6287818, 1623098620.4276268, 1623098632.2443244, 1623098644.8744395, 1623098651.5800557, 1623098660.987585, 1623098679.69181, 1623098689.1511014, 1623098696.6646478, 1623098707.0042853, 1623098714.7872307, 1623098725.8129337, 1623098736.5174096, 1623098746.0735257, 1623098755.645604, 1623098767.600447, 1623098778.0392346, 1623098788.7491481, 1623098799.5344582, 1623098808.4364817, 1623098820.5924482, 1623098831.7910068, 1623098843.6993535, 1623098854.613524, 1623098862.3342805, 1623098871.1984482, 1623112773.490985, 1623112782.3948781, 1623112791.2735796, 1623112798.9751391, 1623112808.128852, 1623112817.6439364, 1623112827.4716213, 1623112838.8387148, 1623112847.3676305, 1623112857.307693, 1623112867.5377707, 1623112877.069882, 1623112886.8469875, 1623112893.7689013, 1623112900.3571155, 1623112907.5515234, 1623112916.6880832, 1623112928.49763, 1623112937.4508035, 1623112944.5204694, 1623112953.7532327, 1623112961.8079116, 1623112970.9203613, 1623112979.6587815, 1623112988.137024, 1623112997.8982759, 1623113005.0641515, 1623113016.6575108, 1623113025.107334, 1623113032.825905, 1623127217.177578, 1623127224.4979808, 1623127234.9966152, 1623127244.44062, 1623127252.0193512, 1623127258.5548987, 1623127265.8071806, 1623127277.6265204, 1623127287.6066444, 1623127295.021496, 1623127304.9756527, 1623127312.223835, 1623127322.1030512, 1623127329.4329083, 1623127340.6638663, 1623127350.0660217, 1623127359.5951688, 1623127369.028081, 1623127377.0818617, 1623127388.0746505, 1623127401.7563624, 1623127412.1169932, 1623127419.629192, 1623127428.008167, 1623127436.2274718, 1623127445.8746324, 1623127454.1572835, 1623127461.0008903, 1623127469.2749667, 1623127478.2523527, 1623141992.3861732, 1623142002.5950365, 1623142015.5839007, 1623142026.623098, 1623142035.8652956, 1623142046.1377633, 1623142056.4349346, 1623142066.1276774, 1623142076.511399, 1623142085.8892043, 1623142098.3986125, 1623142105.98148, 1623142113.8081524, 1623142124.8610966, 1623142133.093902, 1623142143.3339484, 1623142153.7580137, 1623142163.287164, 1623142177.4646037, 1623142188.2037346, 1623142199.0316932, 1623142211.3235312, 1623142222.8298757, 1623142232.93233, 1623142245.2413304, 1623142255.5276058, 1623142265.1711233, 1623142275.2619264, 1623142287.5823953, 1623142299.381369], "episode_lengths": [2496, 2067, 1838, 1791, 1998, 2072, 1813, 1932, 1666, 2740, 1709, 2192, 1904, 1949, 1837, 2307, 1984, 1741, 2149, 2164, 1894, 1941, 2558, 2430, 1711, 2430, 2212, 2250, 1833, 2143, 3487, 2688, 2969, 3080, 3665, 3728, 4237, 4330, 3368, 3561, 4016, 3165, 3662, 3192, 3842, 4024, 4243, 4328, 3864, 4995, 3744, 3102, 3451, 4059, 3742, 3524, 4583, 4683, 4180, 2690, 4977, 5308, 5063, 3949, 3386, 5317, 3433, 4717, 4917, 4307, 4264, 5127, 3546, 4753, 4276, 4640, 4737, 4197, 4212, 4675, 3696, 4524, 4604, 4328, 4585, 4827, 3129, 3698, 4920, 4494, 3892, 3853, 3109, 3366, 3596, 5430, 4739, 4150, 4665, 4028, 4231, 4555, 4258, 4243, 4623, 3816, 3562, 4930, 4052, 4047, 4234, 3802, 4633, 4168, 4766, 3505, 5481, 5648, 2901, 4036, 3557, 3315, 4653, 3681, 4197, 3815, 3162, 3359, 3689, 3542, 2885, 3364, 2922, 3496, 2958, 3622, 5063, 3508, 2660, 3676, 3529, 3455, 3136, 2910, 4197, 3096, 4235, 2464, 3392, 3842, 3544, 3444, 2943, 4608, 3786, 4306, 2668, 3081, 3621, 3578, 3555, 3442, 3022, 4074, 4792, 5588, 2712, 3313, 3224, 3134, 3083, 2869, 3182, 3562, 2781, 3292, 3527, 3636, 4052, 2659, 2323, 2452, 2833, 3332, 2623, 2248, 2985, 3198, 1697, 2374, 4001, 2342, 1894, 2588, 1967, 2813, 2670, 2425, 2417, 2994, 2136, 2680, 2727, 2233, 3066, 2816, 2995, 2780, 1958, 2211, 2744, 2260, 2254, 1974, 2320, 2409, 2508, 2893, 2131, 2541, 2104, 2397, 2466, 1757, 1697, 1837, 2302, 2997, 2280, 1823, 1866, 2033, 2330, 2231, 2197, 2498, 1873, 2964, 2132, 1959, 2443, 1856, 2694, 2385, 1936, 1667, 1836, 3069, 2533, 1902, 2107, 1827, 2508, 1890, 2871, 2396, 2444, 2403, 2054, 2834, 2951, 2624, 1926, 2153, 2080, 2478, 2132, 1742, 2119, 2321, 2669, 2603, 3320, 2780, 2369, 2671, 2609, 2450, 2663, 2404, 2688, 1894, 1992, 2830, 2088, 2627, 2672, 2443, 3581, 2713, 2277, 3105, 2934, 2563, 3132, 2636, 2473, 2526, 3132, 2986],